{"cameraMode":{"drawMode":0,"name":"Shaded","section":"Shading Mode"},"sceneLighting":false,"audioPlay":false,"sceneViewState":{"showFog":true,"showMaterialUpdate":true,"showSkybox":false,"showFlares":true,"showImageEffects":true,"showParticleSystems":true},"in2DMode":false,"pivot":{"x":-56.906253814697269,"y":-7.067104339599609,"z":170.18174743652345},"rotation":{"x":0.10699914395809174,"y":0.05961845442652702,"z":-0.006428483873605728,"w":0.9924535155296326},"size":14.133886337280274,"orthographic":false}