{"cameraMode":{"drawMode":0,"name":"Shaded","section":"Shading Mode"},"sceneLighting":true,"audioPlay":false,"sceneViewState":{"showFog":true,"showMaterialUpdate":true,"showSkybox":true,"showFlares":true,"showImageEffects":true,"showParticleSystems":true},"in2DMode":false,"pivot":{"x":-1.8782985210418702,"y":-8.521347045898438,"z":-0.6427903771400452},"rotation":{"x":0.28601571917533877,"y":-0.21467818319797517,"z":0.06591334939002991,"w":0.9315428137779236},"size":54.23934555053711,"orthographic":false}